{"cameraMode":{"drawMode":0,"name":"Shaded","section":"Shading Mode"},"sceneLighting":false,"audioPlay":false,"sceneViewState":{"showFog":true,"showMaterialUpdate":false,"showSkybox":false,"showFlares":true,"showImageEffects":true,"showParticleSystems":true},"in2DMode":false,"pivot":{"x":0.3990466892719269,"y":1.1208418607711793,"z":-5.960464477539063e-8},"rotation":{"x":0.22017864882946015,"y":0.0005876951618120074,"z":-0.00013056720490567386,"w":0.9754529595375061},"size":4.301548480987549,"orthographic":false}