{"cameraMode":{"drawMode":0,"name":"Shaded","section":"Shading Mode"},"sceneLighting":false,"audioPlay":false,"sceneViewState":{"showFog":true,"showMaterialUpdate":false,"showSkybox":true,"showFlares":true,"showImageEffects":true,"showParticleSystems":true},"in2DMode":false,"pivot":{"x":-3.397604465484619,"y":1.2907413244247437,"z":-7.756770610809326},"rotation":{"x":0.01846383325755596,"y":-0.970571756362915,"z":0.22674259543418885,"w":0.0790785402059555},"size":31.84046745300293,"orthographic":false}